lemma,pos,gender,possible_participle
abuela,NOUN,f,
abuelo,NOUN,m,
ama,NOUN,f,
amante,NOUN,common,
amiga,NOUN,f,
amigo,NOUN,m,
amistad,NOUN,f,
bastardo,NOUN,m,
bebé,NOUN,m,
boda,NOUN,f,
caballero,NOUN,m,
chica,NOUN,f,
cita,NOUN,f,
cobarde,NOUN,m,
compañera,NOUN,f,
compañero,NOUN,m,
compromiso,NOUN,m,
dama,NOUN,f,
divorcio,NOUN,m,
don,NOUN,m,
dueño,NOUN,m,
encantador,NOUN,m,
esposa,NOUN,f,
esposo,NOUN,m,
familia,NOUN,f,
gente,NOUN,f,
gigante,NOUN,m,
gordo,NOUN,m,
hermana,NOUN,f,
hermano,NOUN,m,
hija,NOUN,f,
hijo,NOUN,m,
hombre,NOUN,m,
héroe,NOUN,m,
idiota,NOUN,f,
joven,NOUN,common,
madame,NOUN,m,
madre,NOUN,f,
mama,NOUN,f,
mamá,NOUN,f,
marido,NOUN,m,
matrimonio,NOUN,m,
miembro,NOUN,m,
muchacha,NOUN,f,
muchacho,NOUN,m,
mujer,NOUN,f,
niña,NOUN,f,
niño,NOUN,m,
novia,NOUN,f,
novio,NOUN,m,
padre,NOUN,m,
papá,NOUN,m,
pareja,NOUN,f,
persona,NOUN,f,
primo,NOUN,m,
relación,NOUN,f,
responsable,NOUN,common,
señor,NOUN,m,
señora,NOUN,f,
señorita,NOUN,f,
tío,NOUN,m,
vecino,NOUN,m,
yerno,NOUN,m,
boca,NOUN,f,
brazo,NOUN,m,
cabello,NOUN,m,
cabeza,NOUN,f,
cara,NOUN,f,
cerebro,NOUN,m,
corazón,NOUN,m,
cuello,NOUN,m,
cuerpo,NOUN,m,
culo,NOUN,m,
dedo,NOUN,m,
diente,NOUN,m,
espalda,NOUN,f,
estómago,NOUN,m,
frente,NOUN,f,
garganta,NOUN,f,
hueso,NOUN,m,
labio,NOUN,m,
lengua,NOUN,f,
mano,NOUN,f,
muñeca,NOUN,f,
nariz,NOUN,f,
ojo,NOUN,m,
pecho,NOUN,m,
pelo,NOUN,m,
pie,NOUN,m,
piel,NOUN,f,
pierna,NOUN,f,
rodilla,NOUN,f,
rostro,NOUN,m,
sangre,NOUN,f,
sexo,NOUN,m,
teta,NOUN,f,
voz,NOUN,f,
alegría,NOUN,f,
amor,NOUN,m,
aprecio,NOUN,m,
asco,NOUN,m,
beso,NOUN,m,
calma,NOUN,f,
cariño,NOUN,m,
confianza,NOUN,f,
culpa,NOUN,f,
curiosidad,NOUN,f,
deseo,NOUN,m,
diversión,NOUN,f,
esperanza,NOUN,f,
felicidad,NOUN,f,
gana,NOUN,f,
genio,NOUN,m,
gusto,NOUN,m,
humor,NOUN,m,
ira,NOUN,f,
lamento,NOUN,m,
locura,NOUN,f,
lágrima,NOUN,f,
lástima,NOUN,f,
miedo,NOUN,m,
odio,NOUN,m,
orgullo,NOUN,m,
paciencia,NOUN,f,
pasión,NOUN,f,
paz,NOUN,f,
pena,NOUN,f,
pesadilla,NOUN,f,
pesar,NOUN,m,
placer,NOUN,m,
prisa,NOUN,f,
pánico,NOUN,m,
pecado,NOUN,m,
pérdida,NOUN,f,
sensación,NOUN,f,
sentimiento,NOUN,m,
sonrisa,NOUN,f,
sorpresa,NOUN,f,
sueño,NOUN,m,
vergüenza,NOUN,f,
acuerdo,NOUN,m,
adiós,NOUN,m,
alemán,NOUN,m,
análisis,NOUN,m,
atención,NOUN,f,
aviso,NOUN,m,
broma,NOUN,f,
carta,NOUN,f,
conciencia,NOUN,f,
conocimiento,NOUN,m,
consejo,NOUN,m,
contacto,NOUN,m,
conversación,NOUN,f,
correo,NOUN,m,
cuestión,NOUN,f,
decisión,NOUN,f,
disculpa,NOUN,f,
discurso,NOUN,m,
duda,NOUN,f,
ejemplo,NOUN,m,
excusa,NOUN,f,
explicación,NOUN,f,
favor,NOUN,m,
felicitación,NOUN,f,
gracias,NOUN,f,
habla,NOUN,f,
historia,NOUN,f,
idea,NOUN,f,
impresión,NOUN,f,
información,NOUN,f,
inglés,NOUN,m,
intención,NOUN,f,
mensaje,NOUN,m,
mente,NOUN,f,
mentira,NOUN,f,
mirada,NOUN,f,
motivo,NOUN,m,
nombre,NOUN,m,
nota,NOUN,f,
noticia,NOUN,f,
opción,NOUN,f,
opinión,NOUN,f,
palabra,NOUN,f,
pensamiento,NOUN,m,
perdón,NOUN,m,
plan,NOUN,m,
porqué,NOUN,m,
pregunta,NOUN,f,
promesa,NOUN,f,
razón,NOUN,f,
recuerdo,NOUN,m,
respuesta,NOUN,f,
secreto,NOUN,m,
sentido,NOUN,m,
solución,NOUN,f,
tema,NOUN,m,
teoría,NOUN,f,
traducción,NOUN,f,
verdad,NOUN,f,
versión,NOUN,f,
visión,NOUN,f,
año,NOUN,m,
domingo,NOUN,m,
día,NOUN,m,
era,NOUN,f,
fecha,NOUN,f,
futuro,NOUN,m,
hora,NOUN,f,
invierno,NOUN,m,
jueves,NOUN,m,
julio,NOUN,m,
lunes,NOUN,m,
martes,NOUN,m,
medianoche,NOUN,f,
mes,NOUN,m,
minuto,NOUN,m,
momento,NOUN,m,
noche,NOUN,f,
pasado,NOUN,m,
primavera,NOUN,f,
rato,NOUN,m,
repente,NOUN,m,
semana,NOUN,f,
siglo,NOUN,m,
sábado,NOUN,m,
tarde,NOUN,f,
temporada,NOUN,f,
tiempo,NOUN,m,
verano,NOUN,m,
vez,NOUN,f,
viernes,NOUN,m,
época,NOUN,f,
alarma,NOUN,f,
apartamento,NOUN,m,
armario,NOUN,m,
asiento,NOUN,m,
basura,NOUN,f,
baño,NOUN,m,
cadena,NOUN,f,
caja,NOUN,f,
cama,NOUN,f,
casa,NOUN,f,
cinta,NOUN,f,
cocina,NOUN,f,
cristal,NOUN,m,
cuchillo,NOUN,m,
departamento,NOUN,m,
ducha,NOUN,f,
escalera,NOUN,f,
escritorio,NOUN,m,
espejo,NOUN,m,
habitación,NOUN,f,
hogar,NOUN,m,
llave,NOUN,f,
madera,NOUN,f,
material,NOUN,m,
mesa,NOUN,f,
objeto,NOUN,m,
paquete,NOUN,m,
pared,NOUN,f,
pasillo,NOUN,m,
patio,NOUN,m,
piscina,NOUN,f,
piso,NOUN,m,
polvo,NOUN,m,
puerta,NOUN,f,
reloj,NOUN,m,
sala,NOUN,f,
salón,NOUN,m,
señal,NOUN,f,
silla,NOUN,f,
sofá,NOUN,m,
suelo,NOUN,m,
sótano,NOUN,m,
techo,NOUN,m,
ventana,NOUN,f,
abrigo,NOUN,m,
anillo,NOUN,m,
bolsa,NOUN,f,
bolsillo,NOUN,m,
bolso,NOUN,m,
camisa,NOUN,f,
chaqueta,NOUN,f,
moda,NOUN,f,
pantalón,NOUN,m,
ropa,NOUN,f,
saco,NOUN,m,
sombrero,NOUN,m,
traje,NOUN,m,
zapato,NOUN,m,
agua,NOUN,f,
alcohol,NOUN,m,
almuerzo,NOUN,m,
azúcar,NOUN,m,
botella,NOUN,f,
café,NOUN,m,
carne,NOUN,f,
cena,NOUN,f,
cerveza,NOUN,f,
chocolate,NOUN,m,
comida,NOUN,f,
copa,NOUN,f,
desayuno,NOUN,m,
galleta,NOUN,f,
hambre,NOUN,f,
huevo,NOUN,m,
leche,NOUN,f,
mate,NOUN,m,
miel,NOUN,f,
pan,NOUN,m,
pasta,NOUN,f,
pastel,NOUN,m,
pescado,NOUN,m,
plato,NOUN,m,
pollo,NOUN,m,
queso,NOUN,m,
ron,NOUN,m,
sal,NOUN,f,
salsa,NOUN,f,
sopa,NOUN,f,
taza,NOUN,f,
trago,NOUN,m,
vaso,NOUN,m,
aire,NOUN,m,
ambiente,NOUN,m,
animal,NOUN,m,
arena,NOUN,f,
bosque,NOUN,m,
caballo,NOUN,m,
calor,NOUN,m,
cerdo,NOUN,m,
cielo,NOUN,m,
corriente,NOUN,f,
criatura,NOUN,f,
espacio,NOUN,m,
especie,NOUN,f,
estrella,NOUN,f,
flor,NOUN,f,
frío,NOUN,m,
fuego,NOUN,m,
gas,NOUN,m,
gato,NOUN,m,
hielo,NOUN,m,
hierba,NOUN,f,
humo,NOUN,m,
lago,NOUN,m,
llama,NOUN,f,
lluvia,NOUN,f,
lobo,NOUN,m,
luna,NOUN,f,
luz,NOUN,f,
mar,NOUN,m,
mono,NOUN,m,
naturaleza,NOUN,f,
nieve,NOUN,f,
océano,NOUN,m,
oscuridad,NOUN,f,
oso,NOUN,m,
perra,NOUN,f,
perro,NOUN,m,
pez,NOUN,m,
piedra,NOUN,f,
planeta,NOUN,m,
planta,NOUN,f,
pájaro,NOUN,m,
rayo,NOUN,m,
rosa,NOUN,f,
río,NOUN,m,
salvaje,NOUN,m,
sol,NOUN,m,
sombra,NOUN,f,
superficie,NOUN,f,
tenia,NOUN,f,
tierra,NOUN,f,
tormenta,NOUN,f,
universo,NOUN,m,
viento,NOUN,m,
zorra,NOUN,f,
árbol,NOUN,m,
bar,NOUN,m,
barrio,NOUN,m,
bordo,NOUN,m,
calle,NOUN,f,
camino,NOUN,m,
campamento,NOUN,m,
campo,NOUN,m,
carretera,NOUN,f,
castillo,NOUN,m,
centro,NOUN,m,
ciudad,NOUN,f,
costa,NOUN,f,
desierto,NOUN,m,
dirección,NOUN,f,
distrito,NOUN,m,
edificio,NOUN,m,
entrada,NOUN,f,
esquina,NOUN,f,
estación,NOUN,f,
extranjero,NOUN,m,
frontera,NOUN,f,
granja,NOUN,f,
hotel,NOUN,m,
india,NOUN,f,
isla,NOUN,f,
jardín,NOUN,m,
lugar,NOUN,m,
montaña,NOUN,f,
mundo,NOUN,m,
museo,NOUN,m,
norte,NOUN,m,
oeste,NOUN,m,
palacio,NOUN,m,
parque,NOUN,m,
país,NOUN,m,
playa,NOUN,f,
pueblo,NOUN,m,
puente,NOUN,m,
puerto,NOUN,m,
restaurante,NOUN,m,
ruta,NOUN,f,
salida,NOUN,f,
sitio,NOUN,m,
sur,NOUN,m,
súper,NOUN,m,
terreno,NOUN,m,
zona,NOUN,f,
área,NOUN,f,
aeropuerto,NOUN,m,
auto,NOUN,m,
autobús,NOUN,m,
avión,NOUN,m,
barco,NOUN,m,
bote,NOUN,m,
camioneta,NOUN,f,
camión,NOUN,m,
carro,NOUN,m,
coche,NOUN,m,
conductor,NOUN,m,
gasolina,NOUN,f,
metro,NOUN,m,
motor,NOUN,m,
nave,NOUN,f,
parada,NOUN,f,
rueda,NOUN,f,
taxi,NOUN,m,
transporte,NOUN,m,
tren,NOUN,m,
tripulación,NOUN,f,
tráfico,NOUN,m,
vehículo,NOUN,m,
viaje,NOUN,m,
vuelo,NOUN,m,
abogado,NOUN,m,
agencia,NOUN,f,
agente,NOUN,common,
asistente,NOUN,common,
cargo,NOUN,m,
carrera,NOUN,f,
cliente,NOUN,common,
colega,NOUN,common,
detective,NOUN,common,
director,NOUN,m,
doctor,NOUN,m,
doctora,NOUN,f,
empleo,NOUN,m,
encargo,NOUN,m,
enfermera,NOUN,f,
entrevista,NOUN,f,
fábrica,NOUN,f,
informe,NOUN,m,
inspector,NOUN,m,
jefa,NOUN,f,
jefe,NOUN,m,
maestro,NOUN,m,
modelo,NOUN,m,
oficina,NOUN,f,
patrón,NOUN,m,
piloto,NOUN,common,
profesor,NOUN,m,
proyecto,NOUN,m,
servicio,NOUN,m,
trabajo,NOUN,m,
turno,NOUN,m,
banco,NOUN,m,
cheque,NOUN,m,
compañía,NOUN,f,
compra,NOUN,f,
contrato,NOUN,m,
crédito,NOUN,m,
cuenta,NOUN,f,
deuda,NOUN,f,
dinero,NOUN,m,
dólares,NOUN,m,
empresa,NOUN,f,
firma,NOUN,f,
fortuna,NOUN,f,
impuesto,NOUN,m,
marca,NOUN,f,
mercado,NOUN,m,
negocio,NOUN,m,
oferta,NOUN,f,
oro,NOUN,m,
pago,NOUN,m,
plata,NOUN,f,
precio,NOUN,m,
propiedad,NOUN,f,
socio,NOUN,m,
tarjeta,NOUN,f,
tesoro,NOUN,m,
tienda,NOUN,f,
venta,NOUN,f,
biblioteca,NOUN,f,
ciencia,NOUN,f,
clase,NOUN,f,
colegio,NOUN,m,
curso,NOUN,m,
educación,NOUN,f,
escuela,NOUN,f,
estudiante,NOUN,common,
estudio,NOUN,m,
examen,NOUN,m,
instituto,NOUN,m,
laboratorio,NOUN,m,
lección,NOUN,f,
libro,NOUN,m,
tarea,NOUN,f,
título,NOUN,m,
universidad,NOUN,f,
ambulancia,NOUN,f,
cadáver,NOUN,m,
cirugía,NOUN,f,
coma,NOUN,m,
cáncer,NOUN,m,
daño,NOUN,m,
dolor,NOUN,m,
enfermedad,NOUN,f,
enfermo,NOUN,m,
fiebre,NOUN,f,
funeral,NOUN,m,
herida,NOUN,f,
hospital,NOUN,m,
medicina,NOUN,f,
muerte,NOUN,f,
operación,NOUN,f,
salud,NOUN,f,
suicidio,NOUN,m,
terapia,NOUN,f,
tratamiento,NOUN,m,
tumba,NOUN,f,
veneno,NOUN,m,
virus,NOUN,m,
amenaza,NOUN,f,
arresto,NOUN,m,
asesina,NOUN,f,
asesinato,NOUN,m,
asesino,NOUN,m,
audiencia,NOUN,f,
caso,NOUN,m,
castigo,NOUN,m,
comisario,NOUN,m,
corte,NOUN,m,
crimen,NOUN,m,
cárcel,NOUN,f,
declaración,NOUN,f,
defensa,NOUN,f,
delito,NOUN,m,
droga,NOUN,f,
golpe,NOUN,m,
guardia,NOUN,m,
homicidio,NOUN,m,
huella,NOUN,f,
identificación,NOUN,f,
investigación,NOUN,f,
juez,NOUN,common,
juicio,NOUN,m,
justicia,NOUN,f,
ladrón,NOUN,m,
ley,NOUN,f,
licencia,NOUN,f,
orden,NOUN,m,
permiso,NOUN,m,
policía,NOUN,common,
prisión,NOUN,f,
prueba,NOUN,f,
rastro,NOUN,m,
registro,NOUN,m,
rescate,NOUN,m,
seguridad,NOUN,f,
sheriff,NOUN,m,
testigo,NOUN,m,
trampa,NOUN,f,
tribunal,NOUN,m,
venganza,NOUN,f,
vigilancia,NOUN,f,
violación,NOUN,f,
violencia,NOUN,f,
víctima,NOUN,f,
almirante,NOUN,m,
arma,NOUN,f,
ataque,NOUN,m,
bala,NOUN,f,
batalla,NOUN,f,
bomba,NOUN,f,
cabo,NOUN,m,
capitán,NOUN,m,
comandante,NOUN,common,
combate,NOUN,m,
coronel,NOUN,m,
disparo,NOUN,m,
ejército,NOUN,m,
enemigo,NOUN,m,
espada,NOUN,f,
explosión,NOUN,f,
guerra,NOUN,f,
lucha,NOUN,f,
marina,NOUN,f,
mina,NOUN,f,
mira,NOUN,f,
misión,NOUN,f,
pelea,NOUN,f,
pistola,NOUN,f,
sargento,NOUN,m,
soldado,NOUN,m,
teniente,NOUN,common,
tiro,NOUN,m,
tropa,NOUN,f,
unidad,NOUN,f,
victoria,NOUN,f,
alcalde,NOUN,m,
autoridad,NOUN,f,
campaña,NOUN,f,
comité,NOUN,m,
comunidad,NOUN,f,
elección,NOUN,f,
estado,NOUN,m,
gobernador,NOUN,m,
gobierno,NOUN,m,
humanidad,NOUN,f,
libertad,NOUN,f,
líder,NOUN,common,
majestad,NOUN,f,
ministro,NOUN,m,
nación,NOUN,f,
organización,NOUN,f,
presidente,NOUN,m,
princesa,NOUN,f,
príncipe,NOUN,m,
reina,NOUN,f,
reino,NOUN,m,
rey,NOUN,m,
senador,NOUN,m,
sociedad,NOUN,f,
tribu,NOUN,f,
voto,NOUN,m,
alma,NOUN,f,
cruz,NOUN,f,
cura,NOUN,m,
demonio,NOUN,m,
diablo,NOUN,m,
dios,NOUN,m,
espíritu,NOUN,m,
fantasma,NOUN,m,
fe,NOUN,f,
iglesia,NOUN,f,
infierno,NOUN,m,
judío,NOUN,m,
maldición,NOUN,f,
milagro,NOUN,m,
santo,NOUN,m,
templo,NOUN,m,
virgen,NOUN,f,
ángel,NOUN,m,
anuncio,NOUN,m,
archivo,NOUN,m,
artículo,NOUN,m,
canal,NOUN,m,
computadora,NOUN,f,
conexión,NOUN,f,
copia,NOUN,f,
cámara,NOUN,f,
dato,NOUN,m,
documento,NOUN,m,
foto,NOUN,f,
fotografía,NOUN,f,
imagen,NOUN,f,
máquina,NOUN,f,
móvil,NOUN,m,
pantalla,NOUN,f,
papel,NOUN,m,
prensa,NOUN,f,
programa,NOUN,m,
página,NOUN,f,
radio,NOUN,f,
red,NOUN,f,
revista,NOUN,f,
tecnología,NOUN,f,
televisión,NOUN,f,
teléfono,NOUN,m,
video,NOUN,m,
actor,NOUN,m,
arte,NOUN,m,
artista,NOUN,common,
baile,NOUN,m,
banda,NOUN,f,
canción,NOUN,f,
cine,NOUN,m,
club,NOUN,m,
concierto,NOUN,m,
cuento,NOUN,m,
disco,NOUN,m,
episodio,NOUN,m,
escena,NOUN,f,
escenario,NOUN,m,
espectáculo,NOUN,m,
gira,NOUN,f,
música,NOUN,f,
obra,NOUN,f,
película,NOUN,f,
personaje,NOUN,m,
piano,NOUN,m,
pintura,NOUN,f,
ritmo,NOUN,m,
serie,NOUN,f,
teatro,NOUN,m,
bola,NOUN,f,
campeón,NOUN,m,
competencia,NOUN,f,
entrenador,NOUN,m,
entrenamiento,NOUN,m,
equipo,NOUN,m,
fútbol,NOUN,m,
juego,NOUN,m,
jugador,NOUN,m,
partido,NOUN,m,
pelota,NOUN,f,
actitud,NOUN,f,
apoyo,NOUN,m,
aspecto,NOUN,m,
ayuda,NOUN,f,
belleza,NOUN,f,
cambio,NOUN,m,
causa,NOUN,f,
color,NOUN,m,
comportamiento,NOUN,m,
condición,NOUN,f,
control,NOUN,m,
descanso,NOUN,m,
destino,NOUN,m,
detalle,NOUN,m,
efecto,NOUN,m,
energía,NOUN,f,
error,NOUN,m,
esfuerzo,NOUN,m,
estilo,NOUN,m,
experiencia,NOUN,f,
forma,NOUN,f,
fuerza,NOUN,f,
gloria,NOUN,f,
gracia,NOUN,f,
habilidad,NOUN,m,
honor,NOUN,m,
identidad,NOUN,f,
importancia,NOUN,f,
inteligencia,NOUN,f,
interés,NOUN,m,
manera,NOUN,f,
maravilla,NOUN,f,
meta,NOUN,f,
modo,NOUN,m,
modos,NOUN,m,
movimiento,NOUN,m,
necesidad,NOUN,f,
objetivo,NOUN,m,
oportunidad,NOUN,f,
posibilidad,NOUN,f,
presencia,NOUN,f,
presión,NOUN,f,
principio,NOUN,m,
propósito,NOUN,m,
protección,NOUN,f,
realidad,NOUN,f,
reputación,NOUN,f,
responsabilidad,NOUN,f,
resultado,NOUN,m,
suerte,NOUN,f,
talento,NOUN,m,
valor,NOUN,m,
ventaja,NOUN,f,
vida,NOUN,f,
voluntad,NOUN,f,
éxito,NOUN,m,
accidente,NOUN,m,
acción,NOUN,f,
acto,NOUN,m,
alerta,NOUN,f,
aventura,NOUN,f,
casualidad,NOUN,f,
circunstancia,NOUN,f,
coincidencia,NOUN,f,
comienzo,NOUN,m,
crisis,NOUN,f,
cumpleaños,NOUN,m,
desafío,NOUN,m,
desastre,NOUN,m,
desgracia,NOUN,f,
emergencia,NOUN,f,
encuentro,NOUN,m,
espera,NOUN,f,
fiesta,NOUN,f,
incendio,NOUN,m,
intento,NOUN,m,
lío,NOUN,m,
misterio,NOUN,m,
navidad,NOUN,f,
ocasión,NOUN,f,
peligro,NOUN,m,
premio,NOUN,m,
regalo,NOUN,m,
regreso,NOUN,m,
reunión,NOUN,f,
riesgo,NOUN,m,
situación,NOUN,f,
vacación,NOUN,f,
visita,NOUN,f,
altura,NOUN,f,
cantidad,NOUN,f,
distancia,NOUN,f,
edad,NOUN,f,
grado,NOUN,m,
kilómetro,NOUN,m,
libra,NOUN,f,
mayoría,NOUN,f,
medida,NOUN,f,
milla,NOUN,f,
millón,NOUN,m,
mitad,NOUN,f,
nivel,NOUN,m,
número,NOUN,m,
par,NOUN,m,
parte,NOUN,f,
pedazo,NOUN,m,
pedazos,NOUN,m,
peso,NOUN,m,
resto,NOUN,m,
tamaño,NOUN,m,
velocidad,NOUN,f,
acceso,NOUN,m,
agujero,NOUN,m,
asunto,NOUN,m,
base,NOUN,f,
bruja,NOUN,f,
busca,NOUN,f,
búsqueda,NOUN,f,
cabrón,NOUN,m,
carga,NOUN,f,
clave,NOUN,f,
cola,NOUN,f,
cosa,NOUN,f,
embargo,NOUN,m,
entrega,NOUN,f,
exacto,NOUN,m,
fila,NOUN,f,
fin,NOUN,m,
fondo,NOUN,m,
fuente,NOUN,f,
grupo,NOUN,m,
guía,NOUN,f,
lado,NOUN,m,
línea,NOUN,f,
magia,NOUN,f,
mando,NOUN,m,
marcha,NOUN,f,
medio,NOUN,m,
monstruo,NOUN,m,
olor,NOUN,m,
paso,NOUN,m,
pieza,NOUN,f,
pista,NOUN,f,
posición,NOUN,f,
problema,NOUN,m,
proceso,NOUN,m,
punto,NOUN,m,
puta,NOUN,f,
regla,NOUN,f,
respecto,NOUN,m,
ruego,NOUN,m,
ruido,NOUN,m,
sección,NOUN,f,
ser,NOUN,m,
sesión,NOUN,f,
silencio,NOUN,m,
sistema,NOUN,m,
socorro,NOUN,m,
sonido,NOUN,m,
sujeto,NOUN,m,
tipo,NOUN,m,
tomo,NOUN,m,
tonta,NOUN,f,
tontería,NOUN,f,
tonto,NOUN,m,
toque,NOUN,m,
través,NOUN,m,
truco,NOUN,m,
uso,NOUN,m,
vistazo,NOUN,m,
vuelta,NOUN,f,
acordar,VERB,neutral,
admitir,VERB,neutral,
agradecer,VERB,neutral,
asegurar,VERB,neutral,
bromear,VERB,neutral,
callar,VERB,neutral,
contar,VERB,neutral,
decir,VERB,neutral,
demostrar,VERB,neutral,
disculpar,VERB,neutral,
discutir,VERB,neutral,
enviar,VERB,neutral,
escribir,VERB,neutral,
evidenciar,VERB,neutral,
explicar,VERB,neutral,
gritar,VERB,neutral,
hablar,VERB,neutral,
jurar,VERB,neutral,
llamar,VERB,neutral,
mentir,VERB,neutral,
mostrar,VERB,neutral,
pedir,VERB,neutral,
perdonar,VERB,neutral,
preguntar,VERB,neutral,
presentar,VERB,neutral,
prometer,VERB,neutral,
referir,VERB,neutral,
responder,VERB,neutral,
significar,VERB,neutral,
abandonar,VERB,neutral,
alejar,VERB,neutral,
andar,VERB,neutral,
bajar,VERB,neutral,
caer,VERB,neutral,
caminar,VERB,neutral,
conducir,VERB,neutral,
correr,VERB,neutral,
cruzar,VERB,neutral,
desaparecer,VERB,neutral,
entrar,VERB,neutral,
escapar,VERB,neutral,
huir,VERB,neutral,
ir,VERB,neutral,
largar,VERB,neutral,
llegar,VERB,neutral,
manejar,VERB,neutral,
nadar,VERB,neutral,
parar,VERB,neutral,
partir,VERB,neutral,
pasear,VERB,neutral,
regresar,VERB,neutral,
salir,VERB,neutral,
saltar,VERB,neutral,
seguir,VERB,neutral,
subir,VERB,neutral,
venir,VERB,neutral,
viajar,VERB,neutral,
visitar,VERB,neutral,
volar,VERB,neutral,
volver,VERB,neutral,
apestar,VERB,neutral,
escuchar,VERB,neutral,
mirar,VERB,neutral,
oler,VERB,neutral,
oír,VERB,neutral,
sonar,VERB,neutral,
tocar,VERB,neutral,
ver,VERB,neutral,
aceptar,VERB,neutral,
adivinar,VERB,neutral,
aprender,VERB,neutral,
averiguar,VERB,neutral,
buscar,VERB,neutral,
comprender,VERB,neutral,
conocer,VERB,neutral,
creer,VERB,neutral,
decidir,VERB,neutral,
descubrir,VERB,neutral,
diferenciar,VERB,neutral,
dudar,VERB,neutral,
elegir,VERB,neutral,
encontrar,VERB,neutral,
enseñar,VERB,neutral,
entender,VERB,neutral,
estudiar,VERB,neutral,
imaginar,VERB,neutral,
leer,VERB,neutral,
olvidar,VERB,neutral,
pensar,VERB,neutral,
preferir,VERB,neutral,
recordar,VERB,neutral,
resolver,VERB,neutral,
revisar,VERB,neutral,
saber,VERB,neutral,
suponer,VERB,neutral,
aguantar,VERB,neutral,
alegrar,VERB,neutral,
amar,VERB,neutral,
calmar,VERB,neutral,
confiar,VERB,neutral,
contentar,VERB,neutral,
desear,VERB,neutral,
encantar,VERB,neutral,
esperar,VERB,neutral,
gustar,VERB,neutral,
importar,VERB,neutral,
interesar,VERB,neutral,
llorar,VERB,neutral,
molestar,VERB,neutral,
odiar,VERB,neutral,
preocupar,VERB,neutral,
querer,VERB,neutral,
relajar,VERB,neutral,
respetar,VERB,neutral,
sentir,VERB,neutral,
soportar,VERB,neutral,
sorprender,VERB,neutral,
sufrir,VERB,neutral,
temer,VERB,neutral,
apostar,VERB,neutral,
comprar,VERB,neutral,
conseguir,VERB,neutral,
costar,VERB,neutral,
dar,VERB,neutral,
donar,VERB,neutral,
ganar,VERB,neutral,
mantener,VERB,neutral,
obtener,VERB,neutral,
pagar,VERB,neutral,
perder,VERB,neutral,
pertenecer,VERB,neutral,
recibir,VERB,neutral,
recompensar,VERB,neutral,
recuperar,VERB,neutral,
tener,VERB,neutral,
valer,VERB,neutral,
vender,VERB,neutral,
abrir,VERB,neutral,
atrapar,VERB,neutral,
cazar,VERB,neutral,
cerrar,VERB,neutral,
coger,VERB,neutral,
cortar,VERB,neutral,
destruir,VERB,neutral,
echar,VERB,neutral,
golpear,VERB,neutral,
guardar,VERB,neutral,
levantar,VERB,neutral,
llevar,VERB,neutral,
meter,VERB,neutral,
mover,VERB,neutral,
poner,VERB,neutral,
quitar,VERB,neutral,
recoger,VERB,neutral,
romper,VERB,neutral,
sacar,VERB,neutral,
sentar,VERB,neutral,
soltar,VERB,neutral,
tirar,VERB,neutral,
tomar,VERB,neutral,
traer,VERB,neutral,
ayudar,VERB,neutral,
compartir,VERB,neutral,
cuidar,VERB,neutral,
despedir,VERB,neutral,
permitir,VERB,neutral,
proteger,VERB,neutral,
salvar,VERB,neutral,
servir,VERB,neutral,
acabar,VERB,neutral,
aparecer,VERB,neutral,
bastar,VERB,neutral,
cambiar,VERB,neutral,
comenzar,VERB,neutral,
continuar,VERB,neutral,
convertir,VERB,neutral,
cumplir,VERB,neutral,
depender,VERB,neutral,
empezar,VERB,neutral,
estar,VERB,neutral,
existir,VERB,neutral,
faltar,VERB,neutral,
haber,VERB,neutral,
lograr,VERB,neutral,
ocurrir,VERB,neutral,
parecer,VERB,neutral,
pasar,VERB,neutral,
permanecer,VERB,neutral,
quedar,VERB,neutral,
resultar,VERB,neutral,
ser,VERB,neutral,
suceder,VERB,neutral,
terminar,VERB,neutral,
beber,VERB,neutral,
cenar,VERB,neutral,
cocinar,VERB,neutral,
comer,VERB,neutral,
crecer,VERB,neutral,
descansar,VERB,neutral,
despertar,VERB,neutral,
doler,VERB,neutral,
dormir,VERB,neutral,
enfermar,VERB,neutral,
fumar,VERB,neutral,
morir,VERB,neutral,
nacer,VERB,neutral,
parir,VERB,neutral,
respirar,VERB,neutral,
sobrevivir,VERB,neutral,
vivir,VERB,neutral,
actuar,VERB,neutral,
arreglar,VERB,neutral,
construir,VERB,neutral,
controlar,VERB,neutral,
crear,VERB,neutral,
despachar,VERB,neutral,
dirigir,VERB,neutral,
firmar,VERB,neutral,
funcionar,VERB,neutral,
hacer,VERB,neutral,
limpiar,VERB,neutral,
preparar,VERB,neutral,
trabajar,VERB,neutral,
usar,VERB,neutral,
atacar,VERB,neutral,
custodiar,VERB,neutral,
detener,VERB,neutral,
disparar,VERB,neutral,
luchar,VERB,neutral,
matar,VERB,neutral,
pelear,VERB,neutral,
robar,VERB,neutral,
vengar,VERB,neutral,
vetar,VERB,neutral,
bailar,VERB,neutral,
cantar,VERB,neutral,
casar,VERB,neutral,
celebrar,VERB,neutral,
deber,VERB,neutral,
dejar,VERB,neutral,
evitar,VERB,neutral,
helar,VERB,neutral,
intentar,VERB,neutral,
joder,VERB,neutral,
jugar,VERB,neutral,
merecer,VERB,neutral,
necesitar,VERB,neutral,
poder,VERB,neutral,
probar,VERB,neutral,
soler,VERB,neutral,
tontear,VERB,neutral,
tratar,VERB,neutral,
alto/a,ADJ,neutral,
apuesto/a,ADJ,neutral,
bajo/a,ADJ,neutral,
bello/a,ADJ,neutral,
bonito/a,ADJ,neutral,
elegante,ADJ,neutral,
feo/a,ADJ,neutral,
fuerte,ADJ,neutral,
guapo/a,ADJ,neutral,
hermoso/a,ADJ,neutral,
izquierdo/a,ADJ,neutral,
lindo/a,ADJ,neutral,
precioso/a,ADJ,neutral,
trasero/a,ADJ,neutral,
adorable,ADJ,neutral,
agradable,ADJ,neutral,
amable,ADJ,neutral,
capaz,ADJ,neutral,
cruel,ADJ,neutral,
cuerdo/a,ADJ,neutral,
curioso/a,ADJ,neutral,
decidido/a,ADJ,neutral,
desagradable,ADJ,neutral,
dispuesto/a,ADJ,neutral,
estúpido/a,ADJ,neutral,
experto/a,ADJ,neutral,
firme,ADJ,neutral,
gracioso/a,ADJ,neutral,
honesto/a,ADJ,neutral,
imbécil,ADJ,neutral,
inteligente,ADJ,neutral,
interesado/a,ADJ,neutral,
listo/a,ADJ,neutral,
loco/a,ADJ,neutral,
mentiroso/a,ADJ,neutral,
paciente,ADJ,neutral,
poderoso/a,ADJ,neutral,
sabio/a,ADJ,neutral,
serio/a,ADJ,neutral,
tranquilo/a,ADJ,neutral,
valiente,ADJ,neutral,
aburrido/a,ADJ,neutral,
asustado/a,ADJ,neutral,
bravo/a,ADJ,neutral,
cansado/a,ADJ,neutral,
contento/a,ADJ,neutral,
despierto/a,ADJ,neutral,
dormido/a,ADJ,neutral,
enamorado/a,ADJ,neutral,
encantado/a,ADJ,neutral,
enfadado/a,ADJ,neutral,
enojado/a,ADJ,neutral,
feliz,ADJ,neutral,
molesto/a,ADJ,neutral,
nervioso/a,ADJ,neutral,
orgulloso/a,ADJ,neutral,
preocupado/a,ADJ,neutral,
querido/a,ADJ,neutral,
solo/a,ADJ,neutral,
triste,ADJ,neutral,
chico/a,ADJ,neutral,
corto/a,ADJ,neutral,
enorme,ADJ,neutral,
gran,ADJ,neutral,
grande,ADJ,neutral,
largo/a,ADJ,neutral,
menudo/a,ADJ,neutral,
pequeño/a,ADJ,neutral,
poquito/a,ADJ,neutral,
azul,ADJ,neutral,
blanco/a,ADJ,neutral,
negro/a,ADJ,neutral,
oscuro/a,ADJ,neutral,
rojo/a,ADJ,neutral,
verde,ADJ,neutral,
antiguo/a,ADJ,neutral,
nuevo/a,ADJ,neutral,
viejo/a,ADJ,neutral,
adecuado/a,ADJ,neutral,
asombroso/a,ADJ,neutral,
asqueroso/a,ADJ,neutral,
brillante,ADJ,neutral,
bueno/a,ADJ,neutral,
caro/a,ADJ,neutral,
cierto/a,ADJ,neutral,
claro/a,ADJ,neutral,
complicado/a,ADJ,neutral,
común,ADJ,neutral,
conocido/a,ADJ,neutral,
contrario/a,ADJ,neutral,
correcto/a,ADJ,neutral,
cómodo/a,ADJ,neutral,
debido/a,ADJ,neutral,
delicioso/a,ADJ,neutral,
diferente,ADJ,neutral,
difícil,ADJ,neutral,
directo/a,ADJ,neutral,
disponible,ADJ,neutral,
distinto/a,ADJ,neutral,
divertido/a,ADJ,neutral,
dulce,ADJ,neutral,
duro/a,ADJ,neutral,
efectivo/a,ADJ,neutral,
emocionante,ADJ,neutral,
equivocado/a,ADJ,neutral,
especial,ADJ,neutral,
estupendo/a,ADJ,neutral,
excelente,ADJ,neutral,
extraño/a,ADJ,neutral,
falso/a,ADJ,neutral,
famoso/a,ADJ,neutral,
fantástico/a,ADJ,neutral,
favorito/a,ADJ,neutral,
fresco/a,ADJ,neutral,
fácil,ADJ,neutral,
genial,ADJ,neutral,
grandioso/a,ADJ,neutral,
gratis,ADJ,neutral,
grave,ADJ,neutral,
horrible,ADJ,neutral,
igual,ADJ,neutral,
importante,ADJ,neutral,
imposible,ADJ,neutral,
impresionante,ADJ,neutral,
increíble,ADJ,neutral,
interesante,ADJ,neutral,
inútil,ADJ,neutral,
justo/a,ADJ,neutral,
lento/a,ADJ,neutral,
libre,ADJ,neutral,
maldito/a,ADJ,neutral,
malo/a,ADJ,neutral,
maravilloso/a,ADJ,neutral,
mejor,ADJ,neutral,
natural,ADJ,neutral,
necesario/a,ADJ,neutral,
normal,ADJ,neutral,
obvio/a,ADJ,neutral,
original,ADJ,neutral,
parecido/a,ADJ,neutral,
particular,ADJ,neutral,
peligroso/a,ADJ,neutral,
peor,ADJ,neutral,
perfecto/a,ADJ,neutral,
pobre,ADJ,neutral,
popular,ADJ,neutral,
posible,ADJ,neutral,
privado/a,ADJ,neutral,
probable,ADJ,neutral,
profundo/a,ADJ,neutral,
práctico/a,ADJ,neutral,
puro/a,ADJ,neutral,
raro/a,ADJ,neutral,
real,ADJ,neutral,
rico/a,ADJ,neutral,
ridículo/a,ADJ,neutral,
rápido/a,ADJ,neutral,
seguro/a,ADJ,neutral,
sencillo/a,ADJ,neutral,
simple,ADJ,neutral,
suave,ADJ,neutral,
supuesto/a,ADJ,neutral,
terrible,ADJ,neutral,
urgente,ADJ,neutral,
verdadero/a,ADJ,neutral,
útil,ADJ,neutral,
abierto/a,ADJ,neutral,
atrapado/a,ADJ,neutral,
borracho/a,ADJ,neutral,
caliente,ADJ,neutral,
cambiado/a,ADJ,neutral,
caído/a,ADJ,neutral,
cerrado/a,ADJ,neutral,
comido/a,ADJ,neutral,
comprado/a,ADJ,neutral,
conseguido/a,ADJ,neutral,
convertido/a,ADJ,neutral,
cubierto/a,ADJ,neutral,
cuidado/a,ADJ,neutral,
dejado/a,ADJ,neutral,
desaparecido/a,ADJ,neutral,
descubierto/a,ADJ,neutral,
elegido/a,ADJ,neutral,
empezado/a,ADJ,neutral,
encontrado/a,ADJ,neutral,
entendido/a,ADJ,neutral,
escrito/a,ADJ,neutral,
escuchado/a,ADJ,neutral,
frío/a,ADJ,neutral,
gustado/a,ADJ,neutral,
hablado/a,ADJ,neutral,
helado/a,ADJ,neutral,
ido/a,ADJ,neutral,
invitado/a,ADJ,neutral,
jodido/a,ADJ,neutral,
leído/a,ADJ,neutral,
limpio/a,ADJ,neutral,
metido/a,ADJ,neutral,
nacido/a,ADJ,neutral,
ocupado/a,ADJ,neutral,
ocurrido/a,ADJ,neutral,
olvidado/a,ADJ,neutral,
oído/a,ADJ,neutral,
pagado/a,ADJ,neutral,
parado/a,ADJ,neutral,
pedido/a,ADJ,neutral,
pensado/a,ADJ,neutral,
perdido/a,ADJ,neutral,
preguntado/a,ADJ,neutral,
preparado/a,ADJ,neutral,
prometido/a,ADJ,neutral,
puesto/a,ADJ,neutral,
quedado/a,ADJ,neutral,
quieto/a,ADJ,neutral,
recibido/a,ADJ,neutral,
roto/a,ADJ,neutral,
sabido/a,ADJ,neutral,
sacado/a,ADJ,neutral,
salido/a,ADJ,neutral,
seguido/a,ADJ,neutral,
sentado/a,ADJ,neutral,
sucedido/a,ADJ,neutral,
sucio/a,ADJ,neutral,
suelto/a,ADJ,neutral,
tomado/a,ADJ,neutral,
trabajado/a,ADJ,neutral,
unido/a,ADJ,neutral,
usado/a,ADJ,neutral,
vestido/a,ADJ,neutral,
vivido/a,ADJ,neutral,
americano/a,ADJ,neutral,
chino/a,ADJ,neutral,
francés/a,ADJ,neutral,
anterior,ADJ,neutral,
completo/a,ADJ,neutral,
contado/a,ADJ,neutral,
cuarto/a,ADJ,neutral,
doble,ADJ,neutral,
entero/a,ADJ,neutral,
final,ADJ,neutral,
general,ADJ,neutral,
lleno/a,ADJ,neutral,
mayor,ADJ,neutral,
menor,ADJ,neutral,
máximo/a,ADJ,neutral,
primero/a,ADJ,neutral,
principal,ADJ,neutral,
secundario/a,ADJ,neutral,
segundo/a,ADJ,neutral,
siguiente,ADJ,neutral,
suficiente,ADJ,neutral,
superior,ADJ,neutral,
tercer,ADJ,neutral,
tercero/a,ADJ,neutral,
total,ADJ,neutral,
vacío/a,ADJ,neutral,
último/a,ADJ,neutral,
único/a,ADJ,neutral,
mío/a,ADJ,neutral,
propio/a,ADJ,neutral,
tuyo/a,ADJ,neutral,
vuestro/a,ADJ,neutral,
acusado/a,ADJ,neutral,
arrestado/a,ADJ,neutral,
asesinado/a,ADJ,neutral,
criminal,ADJ,neutral,
culpable,ADJ,neutral,
detenido/a,ADJ,neutral,
ilegal,ADJ,neutral,
inocente,ADJ,neutral,
jurado/a,ADJ,neutral,
legal,ADJ,neutral,
robado/a,ADJ,neutral,
sospechoso/a,ADJ,neutral,
absoluto/a,ADJ,neutral,
aprendido/a,ADJ,neutral,
bebido/a,ADJ,neutral,
bienvenido/a,ADJ,neutral,
casado/a,ADJ,neutral,
celular,ADJ,neutral,
central,ADJ,neutral,
ciego/a,ADJ,neutral,
civil,ADJ,neutral,
clínico/a,ADJ,neutral,
comercial,ADJ,neutral,
dado/a,ADJ,neutral,
derecho/a,ADJ,neutral,
desgraciado/a,ADJ,neutral,
diario/a,ADJ,neutral,
débil,ADJ,neutral,
embarazado/a,ADJ,neutral,
ex,ADJ,neutral,
exterior,ADJ,neutral,
extra,ADJ,neutral,
familiar,ADJ,neutral,
federal,ADJ,neutral,
fiscal,ADJ,neutral,
físico/a,ADJ,neutral,
ganador/a,ADJ,neutral,
herido/a,ADJ,neutral,
humano/a,ADJ,neutral,
inmediato/a,ADJ,neutral,
interior,ADJ,neutral,
junto/a,ADJ,neutral,
local,ADJ,neutral,
límite,ADJ,neutral,
matado/a,ADJ,neutral,
mental,ADJ,neutral,
militar,ADJ,neutral,
muerto/a,ADJ,neutral,
mundial,ADJ,neutral,
médico/a,ADJ,neutral,
nacional,ADJ,neutral,
oficial,ADJ,neutral,
periódico/a,ADJ,neutral,
personal,ADJ,neutral,
político/a,ADJ,neutral,
presente,ADJ,neutral,
profesional,ADJ,neutral,
próximo/a,ADJ,neutral,
puto/a,ADJ,neutral,
público/a,ADJ,neutral,
sexual,ADJ,neutral,
social,ADJ,neutral,
temprano/a,ADJ,neutral,
uniforme,ADJ,neutral,
vivo/a,ADJ,neutral,
uno,NUM,m,
dos,NUM,m,
tres,NUM,m,
cuatro,NUM,m,
cinco,NUM,m,
seis,NUM,m,
siete,NUM,m,
ocho,NUM,m,
nueve,NUM,m,
diez,NUM,m,
once,NUM,m,
doce,NUM,m,
trece,NUM,m,
catorce,NUM,m,
quince,NUM,m,
veinte,NUM,m,
treinta,NUM,m,
cuarenta,NUM,m,
cincuenta,NUM,m,
sesenta,NUM,m,
setenta,NUM,m,
ochenta,NUM,m,
noventa,NUM,m,
cien,NUM,m,
mil,NUM,m,
conmigo,PRON,neutral,
esto,PRON,neutral,
nosotros/as,PRON,neutral,
vosotros/as,PRON,neutral,
acá,ADV,,
adentro,ADV,,
ahí,ADV,,
aquí,ADV,,
despacio,ADV,,
fuera,ADV,,
obviamente,ADV,,
siquiera,ADV,,
